timestamp,actual_mw,xgb_forecast_mw,abs_error,ape
2023-01-23 01:00:00,99736.0,100557.92,821.921875,0.824097492379883
2023-01-23 02:00:00,97854.0,97593.95,260.046875,0.26574986714901794
2023-01-23 03:00:00,94787.0,95941.3,1154.296875,1.2177797324527626
2023-01-23 04:00:00,91627.0,92254.33,627.328125,0.6846542231001779
2023-01-23 05:00:00,89367.0,90046.97,679.96875,0.7608723018563899
2023-01-23 06:00:00,88179.0,87249.76,929.2421875,1.0538134788328288
2023-01-23 07:00:00,86934.0,86649.3,284.703125,0.327493414544367
2023-01-23 08:00:00,86612.0,86204.34,407.65625,0.47066947997967945
2023-01-23 09:00:00,87112.0,85865.82,1246.1796875,1.4305488193360272
2023-01-23 10:00:00,88469.0,86265.76,2203.2421875,2.4904115424612008
2023-01-23 11:00:00,90585.0,87622.94,2962.0625,3.269926036319479
2023-01-23 12:00:00,97627.0,92444.766,5182.234375,5.308197911438435
2023-01-23 13:00:00,102950.0,98619.58,4330.421875,4.20633499271491
2023-01-23 14:00:00,104219.0,101097.28,3121.71875,2.9953451386023664
2023-01-23 15:00:00,104133.0,100642.74,3490.2578125,3.351730779387898
2023-01-23 16:00:00,104198.0,100660.66,3537.34375,3.3948288354862854
2023-01-23 17:00:00,103861.0,100089.516,3771.484375,3.6312806298803206
2023-01-23 18:00:00,103760.0,99836.516,3923.484375,3.7813072234001543
2023-01-23 19:00:00,103524.0,99639.305,3884.6953125,3.752458669004289
2023-01-23 20:00:00,103672.0,100364.25,3307.75,3.190591480824138
2023-01-23 21:00:00,103002.0,100501.305,2500.6953125,2.4278123847109767
2023-01-23 22:00:00,103737.0,100847.68,2889.3203125,2.7852360416244926
2023-01-23 23:00:00,107344.0,104492.23,2851.7734375,2.6566677573967805
2023-01-24 00:00:00,108980.0,104854.805,4125.1953125,3.785277401816847
2023-01-24 01:00:00,107803.0,104147.25,3655.75,3.391139393152324
2023-01-24 02:00:00,106032.0,103178.43,2853.5703125,2.691235016315829
2023-01-24 03:00:00,102826.0,101288.49,1537.5078125,1.4952519912278996
2023-01-24 04:00:00,99572.0,99744.58,172.578125,0.17331993431888484
2023-01-24 05:00:00,96878.0,96026.555,851.4453125,0.8788840732674086
2023-01-24 06:00:00,94279.0,93281.61,997.390625,1.0579138779579758
2023-01-24 07:00:00,93025.0,92255.734,769.265625,0.8269450416554689
2023-01-24 08:00:00,92674.0,91194.5,1479.5,1.5964563955370437
2023-01-24 09:00:00,93263.0,91325.016,1937.984375,2.077977735007452
2023-01-24 10:00:00,95321.0,92353.86,2967.140625,3.1127879743183557
2023-01-24 11:00:00,97548.0,96226.43,1321.5703125,1.3547897573502277
2023-01-24 12:00:00,104691.0,98809.5,5881.5,5.6179614293492275
2023-01-24 13:00:00,109647.0,105342.195,4304.8046875,3.9260578834806243
2023-01-24 14:00:00,108835.0,104921.484,3913.515625,3.5958245279551617
2023-01-24 15:00:00,104749.0,103809.18,939.8203125,0.8972117275582583
2023-01-24 16:00:00,100974.0,103713.27,2739.2734375,2.712850275813576
2023-01-24 17:00:00,98109.0,99873.74,1764.7421875,1.7987566762478469
2023-01-24 18:00:00,96208.0,97244.01,1036.0078125,1.076841647783968
2023-01-24 19:00:00,96273.0,95492.734,780.265625,0.8104719132051562
2023-01-24 20:00:00,96326.0,95444.7,881.296875,0.9149106938936528
2023-01-24 21:00:00,95955.0,95514.89,440.109375,0.4586622635610442
2023-01-24 22:00:00,96399.0,96667.04,268.0390625,0.2780517043745267
2023-01-24 23:00:00,100991.0,99516.46,1474.5390625,1.4600697710687092
2023-01-25 00:00:00,103983.0,101833.79,2149.2109375,2.066886834867238
2023-01-25 01:00:00,103714.0,103860.23,146.2265625,0.1409901869564379
2023-01-25 02:00:00,102787.0,103821.6,1034.6015625,1.0065490407347233
2023-01-25 03:00:00,100406.0,103296.664,2890.6640625,2.878975422285521
2023-01-25 04:00:00,96604.0,97325.48,721.4765625,0.7468392224959629
2023-01-25 05:00:00,93272.0,94148.234,876.234375,0.9394398908568488
2023-01-25 06:00:00,90908.0,92010.445,1102.4453125,1.2127043962027546
2023-01-25 07:00:00,90259.0,88275.75,1983.25,2.197287805094229
2023-01-25 08:00:00,89736.0,88357.24,1378.7578125,1.5364600745520194
2023-01-25 09:00:00,89649.0,87587.8,2061.203125,2.2991925453713926
2023-01-25 10:00:00,90869.0,88197.47,2671.53125,2.9399809065798017
2023-01-25 11:00:00,93475.0,89772.57,3702.4296875,3.9608769055897297
2023-01-25 12:00:00,100024.0,96648.56,3375.4375,3.374627589378549
2023-01-25 13:00:00,104845.0,100724.78,4120.21875,3.929819018551194
2023-01-25 14:00:00,105891.0,104680.055,1210.9453125,1.1435771807802362
2023-01-25 15:00:00,106012.0,103505.6,2506.3984375,2.364259175848017
2023-01-25 16:00:00,106219.0,103090.34,3128.65625,2.9454770332991274
2023-01-25 17:00:00,106378.0,100307.53,6070.46875,5.706507689559872
2023-01-25 18:00:00,105796.0,99590.93,6205.0703125,5.865127521361866
2023-01-25 19:00:00,105161.0,99329.06,5831.9375,5.545722748927835
2023-01-25 20:00:00,104227.0,99970.02,4256.9765625,4.08433185498959
2023-01-25 21:00:00,103578.0,99417.13,4160.8671875,4.017134128386337
2023-01-25 22:00:00,103709.0,100946.88,2762.1171875,2.6633341248107687
2023-01-25 23:00:00,105603.0,104706.69,896.3125,0.848756664109921
2023-01-26 00:00:00,105387.0,105164.34,222.65625,0.21127487261237157
2023-01-26 01:00:00,103220.0,104407.94,1187.9375,1.150879190079442
2023-01-26 02:00:00,100490.0,104031.97,3541.96875,3.5246977311175245
2023-01-26 03:00:00,97235.0,99396.02,2161.0234375,2.2224748675888315
2023-01-26 04:00:00,93831.0,95432.07,1601.0703125,1.7063340607048842
2023-01-26 05:00:00,90980.0,91673.49,693.4921875,0.7622468537041108
2023-01-26 06:00:00,88033.0,88516.36,483.359375,0.5490661172514852
2023-01-26 07:00:00,86316.0,86505.89,189.890625,0.2199946997080495
2023-01-26 08:00:00,85839.0,86095.71,256.7109375,0.2990609600531227
2023-01-26 09:00:00,85969.0,86192.41,223.40625,0.2598683827891449
2023-01-26 10:00:00,87797.0,86333.32,1463.6796875,1.6671181105276947
2023-01-26 11:00:00,91084.0,88301.625,2782.375,3.054735189495411
2023-01-26 12:00:00,97090.0,92210.805,4879.1953125,5.025435485116902
2023-01-26 13:00:00,101845.0,99745.01,2099.9921875,2.0619492243114537
2023-01-26 14:00:00,102002.0,102036.17,34.171875,0.03350118134938531
2023-01-26 15:00:00,101161.0,100773.33,387.671875,0.383222659918348
2023-01-26 16:00:00,101270.0,100349.61,920.390625,0.9088482521970969
2023-01-26 17:00:00,101433.0,99304.8,2128.203125,2.0981368243076712
2023-01-26 18:00:00,100958.0,99361.42,1596.578125,1.5814280443352682
2023-01-26 19:00:00,100567.0,99342.32,1224.6796875,1.2177749037954797
2023-01-26 20:00:00,100616.0,99929.63,686.3671875,0.6821650507871512
2023-01-26 21:00:00,100297.0,100328.56,31.5625,0.031469036960228125
2023-01-26 22:00:00,101964.0,100880.45,1083.546875,1.0626759199325253
2023-01-26 23:00:00,105664.0,103255.195,2408.8046875,2.2796834186667168
2023-01-27 00:00:00,107560.0,105037.945,2522.0546875,2.3447886644663445
2023-01-27 01:00:00,106426.0,104311.484,2114.515625,1.9868412089151146
2023-01-27 02:00:00,104815.0,104334.38,480.6171875,0.4585385560272862
2023-01-27 03:00:00,102000.0,100985.14,1014.859375,0.9949601715686275
2023-01-27 04:00:00,98040.0,97860.76,179.2421875,0.18282556864545085
2023-01-27 05:00:00,95195.0,96127.59,932.59375,0.979666736698356
2023-01-27 06:00:00,92430.0,93099.79,669.7890625,0.7246446635291572
2023-01-27 07:00:00,91221.0,91560.05,339.046875,0.37167634097411784
2023-01-27 08:00:00,90996.0,88444.01,2551.9921875,2.8045102944085456
2023-01-27 09:00:00,91354.0,88114.64,3239.359375,3.545941474921733
2023-01-27 10:00:00,93175.0,91923.39,1251.609375,1.3432888382076738
2023-01-27 11:00:00,96886.0,95309.3,1576.703125,1.6273797297855213
2023-01-27 12:00:00,104327.0,99171.695,5155.3046875,4.941486563880875
2023-01-27 13:00:00,109249.0,105122.28,4126.71875,3.7773515089382967
2023-01-27 14:00:00,109111.0,105034.43,4076.5703125,3.7361680421772325
2023-01-27 15:00:00,106349.0,103035.46,3313.5390625,3.1157218803185738
2023-01-27 16:00:00,103915.0,103072.73,842.2734375,0.8105407664918444
2023-01-27 17:00:00,102460.0,101382.1,1077.8984375,1.052018775619754
2023-01-27 18:00:00,101355.0,101241.625,113.375,0.111859306398303
2023-01-27 19:00:00,100796.0,98714.52,2081.4765625,2.0650388532283026
2023-01-27 20:00:00,100602.0,99384.07,1217.9296875,1.2106416249179937
2023-01-27 21:00:00,99598.0,99602.07,4.0703125,0.004086741199622482
2023-01-27 22:00:00,99274.0,99692.71,418.7109375,0.4217730095493281
2023-01-27 23:00:00,102885.0,101495.09,1389.90625,1.3509318656752685
2023-01-28 00:00:00,105017.0,104033.1,983.8984375,0.9368944432806118
2023-01-28 01:00:00,104176.0,103642.914,533.0859375,0.5117166501881432
2023-01-28 02:00:00,103205.0,103211.81,6.8125,0.006600939876943946
2023-01-28 03:00:00,101120.0,102981.266,1861.265625,1.8406503411787976
2023-01-28 04:00:00,97827.0,97893.25,66.25,0.06772159015404745
2023-01-28 05:00:00,95625.0,96645.27,1020.2734375,1.0669526143790848
2023-01-28 06:00:00,92615.0,94267.16,1652.15625,1.7838970469146467
2023-01-28 07:00:00,89930.0,92493.19,2563.1875,2.8502029356165908
2023-01-28 08:00:00,88321.0,88858.336,537.3359375,0.6083897798937965
2023-01-28 09:00:00,87587.0,88273.625,686.625,0.7839348305113772
2023-01-28 10:00:00,87687.0,88084.33,397.328125,0.453120901615975
2023-01-28 11:00:00,89271.0,89041.914,229.0859375,0.2566185407355132
2023-01-28 12:00:00,91629.0,94263.06,2634.0625,2.8747039692673715
2023-01-28 13:00:00,94469.0,95772.89,1303.890625,1.3802312134139243
2023-01-28 14:00:00,94902.0,95857.95,955.953125,1.007305562580346
2023-01-28 15:00:00,93059.0,94584.43,1525.4296875,1.6392070487540162
2023-01-28 16:00:00,91040.0,93620.18,2580.1796875,2.8341165284490337
2023-01-28 17:00:00,89349.0,92492.27,3143.2734375,3.517972710942484
2023-01-28 18:00:00,87713.0,92399.38,4686.3828125,5.342860023599695
2023-01-28 19:00:00,87874.0,90991.06,3117.0625,3.547195416164053
2023-01-28 20:00:00,87278.0,90959.836,3681.8359375,4.218515476408717
2023-01-28 21:00:00,87138.0,91458.02,4320.0234375,4.957680274392343
2023-01-28 22:00:00,87617.0,91614.734,3997.734375,4.562738252850474
2023-01-28 23:00:00,90128.0,93822.805,3694.8046875,4.099508130103852
2023-01-29 00:00:00,92584.0,92532.82,51.1796875,0.05527919240905556
2023-01-29 01:00:00,92467.0,95088.11,2621.109375,2.8346430348124194
2023-01-29 02:00:00,91662.0,93888.125,2226.125,2.428623639021623
2023-01-29 03:00:00,89940.0,91696.67,1756.671875,1.9531597453858125
2023-01-29 04:00:00,88326.0,89044.17,718.171875,0.8130922661503973
2023-01-29 05:00:00,87172.0,88601.86,1429.859375,1.640273683063369
2023-01-29 06:00:00,85461.0,87724.81,2263.8125,2.6489422075566633
2023-01-29 07:00:00,84121.0,87121.12,3000.1171875,3.566430721817382
2023-01-29 08:00:00,83582.0,85615.56,2033.5625,2.4330148835873753
2023-01-29 09:00:00,83799.0,85572.38,1773.3828125,2.1162338601892627
2023-01-29 10:00:00,83123.0,85648.945,2525.9453125,3.0388043170963512
2023-01-29 11:00:00,83486.0,87721.75,4235.75,5.073605155355389
2023-01-29 12:00:00,84979.0,92944.266,7965.265625,9.373216471128162
2023-01-29 13:00:00,87099.0,92104.17,5005.171875,5.746531963627596
2023-01-29 14:00:00,88715.0,91742.93,3027.9296875,3.413097770951925
2023-01-29 15:00:00,89801.0,91185.81,1384.8125,1.5420902885268537
2023-01-29 16:00:00,90126.0,91273.62,1147.6171875,1.2733475218028094
2023-01-29 17:00:00,90771.0,90999.36,228.359375,0.2515774586597041
2023-01-29 18:00:00,90758.0,90681.305,76.6953125,0.08450529154454704
2023-01-29 19:00:00,90581.0,90708.55,127.546875,0.14080974486923306
2023-01-29 20:00:00,90395.0,90636.875,241.875,0.26757564024558883
2023-01-29 21:00:00,90250.0,91080.695,830.6953125,0.9204380193905817
2023-01-29 22:00:00,91218.0,91249.336,31.3359375,0.03435280043412484
2023-01-29 23:00:00,94227.0,93209.02,1017.9765625,1.0803448719581437
2023-01-30 00:00:00,95841.0,96282.05,441.046875,0.46018601120606006
2023-01-30 01:00:00,94812.0,96646.35,1834.3515625,1.9347251007256465
2023-01-30 02:00:00,93424.0,94625.14,1201.140625,1.2856874304247303
2023-01-30 03:00:00,90461.0,90924.02,463.0234375,0.5118486834105305
2023-01-30 04:00:00,88180.0,88427.945,247.9453125,0.2811808941936947
2023-01-30 05:00:00,86233.0,86545.25,312.25,0.3621003560121995
2023-01-30 06:00:00,83776.0,85654.66,1878.65625,2.242475470301757
2023-01-30 07:00:00,82555.0,84254.03,1699.03125,2.0580597783295986
2023-01-30 08:00:00,82377.0,84173.21,1796.2109375,2.180476270682351
2023-01-30 09:00:00,82841.0,84223.86,1382.859375,1.669293435617629
2023-01-30 10:00:00,83901.0,84660.31,759.3125,0.9050100713936663
2023-01-30 11:00:00,87148.0,86131.984,1016.015625,1.165850765364667
2023-01-30 12:00:00,94443.0,90655.31,3787.6875,4.010553984943299
2023-01-30 13:00:00,99684.0,96373.12,3310.8828125,3.321378368143333
2023-01-30 14:00:00,100792.0,99809.55,982.453125,0.9747332377569649
2023-01-30 15:00:00,100274.0,99267.78,1006.21875,1.0034692442706983
2023-01-30 16:00:00,98931.0,98815.0,116.0,0.11725343926575088
2023-01-30 17:00:00,97391.0,97374.836,16.1640625,0.016597080325697445
2023-01-30 18:00:00,96322.0,96057.02,264.9765625,0.2750945396690268
2023-01-30 19:00:00,95334.0,95528.52,194.5234375,0.20404413692911239
2023-01-30 20:00:00,95008.0,94795.164,212.8359375,0.22401896419248904
2023-01-30 21:00:00,94992.0,94301.25,690.75,0.72716649823143
2023-01-30 22:00:00,95411.0,95102.94,308.0625,0.32287943738143404
2023-01-30 23:00:00,99002.0,97717.87,1284.1328125,1.2970776474212642
2023-01-31 00:00:00,101701.0,99018.305,2682.6953125,2.6378258940423396
2023-01-31 01:00:00,101101.0,99166.56,1934.4375,1.9133712821831634
2023-01-31 02:00:00,99643.0,98710.85,932.1484375,0.9354881301245446
2023-01-31 03:00:00,96617.0,96477.54,139.4609375,0.14434409834708178
2023-01-31 04:00:00,93138.0,93187.6,49.6015625,0.05325598842577681
2023-01-31 05:00:00,90625.0,90012.836,612.1640625,0.6754913793103448
2023-01-31 06:00:00,88786.0,87390.86,1395.140625,1.5713520431149055
2023-01-31 07:00:00,87570.0,86392.625,1177.375,1.3444958319059037
2023-01-31 08:00:00,87524.0,85768.81,1755.1875,2.005378524747498
2023-01-31 09:00:00,87165.0,85988.234,1176.765625,1.350043738886021
2023-01-31 10:00:00,88435.0,85807.305,2627.6953125,2.9713295782212925
2023-01-31 11:00:00,91862.0,87375.38,4486.6171875,4.884083938407612
2023-01-31 12:00:00,98078.0,95068.72,3009.28125,3.0682530740838923
2023-01-31 13:00:00,103737.0,99186.6,4550.3984375,4.3864758355263795
2023-01-31 14:00:00,105482.0,103176.1,2305.8984375,2.186058699588555
2023-01-31 15:00:00,105807.0,102746.93,3060.0703125,2.892124634948538
2023-01-31 16:00:00,105839.0,103194.34,2644.65625,2.4987540037226355
2023-01-31 17:00:00,105616.0,100488.61,5127.390625,4.854747978525981
2023-01-31 18:00:00,105144.0,100381.07,4762.9296875,4.529911062447691
2023-01-31 19:00:00,105085.0,100248.15,4836.8515625,4.602799222058334
2023-01-31 20:00:00,104473.0,100812.25,3660.75,3.5040153915365693
2023-01-31 21:00:00,104142.0,100839.71,3302.2890625,3.1709483805765206
2023-01-31 22:00:00,105003.0,101130.21,3872.7890625,3.6882651567098086
2023-01-31 23:00:00,108642.0,104485.7,4156.296875,3.825681481379209
2023-02-01 00:00:00,110719.0,104888.82,5830.1796875,5.265744531200607
2023-02-01 01:00:00,110159.0,103972.62,6186.3828125,5.615866894670431
2023-02-01 02:00:00,108295.0,103789.21,4505.7890625,4.160662138141189
2023-02-01 03:00:00,105382.0,101154.45,4227.546875,4.011640389250537
2023-02-01 04:00:00,101463.0,100381.7,1081.296875,1.0657056020421238
2023-02-01 05:00:00,98421.0,97497.164,923.8359375,0.9386573368488433
2023-02-01 06:00:00,96015.0,95391.516,623.484375,0.6493614279018903
2023-02-01 07:00:00,95177.0,93711.09,1465.90625,1.5401895941246309
2023-02-01 08:00:00,95341.0,93218.87,2122.1328125,2.2258344390136457
2023-02-01 09:00:00,95022.0,93360.22,1661.78125,1.7488384268906148
2023-02-01 10:00:00,96235.0,94128.484,2106.515625,2.1889287940977815
2023-02-01 11:00:00,99665.0,96245.28,3419.71875,3.431213314603923
2023-02-01 12:00:00,107047.0,99399.414,7647.5859375,7.144138497575832
2023-02-01 13:00:00,112445.0,103810.016,8634.984375,7.679295989150252
2023-02-01 14:00:00,113139.0,103622.7,9516.296875,8.411155194053332
2023-02-01 15:00:00,111158.0,102656.85,8501.1484375,7.647806219525361
2023-02-01 16:00:00,108497.0,102688.16,5808.84375,5.353921076158788
2023-02-01 17:00:00,105594.0,101612.25,3981.75,3.7708108415250865
2023-02-01 18:00:00,103710.0,101638.14,2071.859375,1.997743105775721
2023-02-01 19:00:00,102309.0,101146.984,1162.015625,1.1357902286211379
2023-02-01 20:00:00,101705.0,102386.52,681.5234375,0.670098262130672
2023-02-01 21:00:00,101473.0,100539.055,933.9453125,0.9203879972997743
2023-02-01 22:00:00,102742.0,100996.18,1745.8203125,1.6992274945981194
2023-02-01 23:00:00,107782.0,103377.28,4404.71875,4.0866923512274775
2023-02-02 00:00:00,111891.0,103504.65,8386.3515625,7.495108241502892
2023-02-02 01:00:00,112012.0,103936.27,8075.7265625,7.2096976774809844
2023-02-02 02:00:00,110885.0,103777.16,7107.84375,6.4101039365108
2023-02-02 03:00:00,108033.0,103647.375,4385.625,4.059523478936992
2023-02-02 04:00:00,103980.0,103091.29,888.7109375,0.8546941118484324
2023-02-02 05:00:00,100604.0,100936.44,332.4375,0.3304416325394616
2023-02-02 06:00:00,99274.0,97544.45,1729.546875,1.7421952122408688
2023-02-02 07:00:00,98283.0,96465.016,1817.984375,1.849744487856496
2023-02-02 08:00:00,97626.0,96240.32,1385.6796875,1.4193756658062402
2023-02-02 09:00:00,97737.0,95936.016,1800.984375,1.8426843211884956
2023-02-02 10:00:00,98678.0,97461.44,1216.5625,1.2328609213806523
2023-02-02 11:00:00,101578.0,98555.484,3022.515625,2.9755612681879935
2023-02-02 12:00:00,108554.0,101588.98,6965.0234375,6.416183132358089
2023-02-02 13:00:00,113310.0,105190.88,8119.1171875,7.16540216000353
2023-02-02 14:00:00,113090.0,104862.67,8227.328125,7.2750270802016095
2023-02-02 15:00:00,110653.0,102932.84,7720.15625,6.976906410128962
2023-02-02 16:00:00,107497.0,102952.96,4544.0390625,4.227131047843195
2023-02-02 17:00:00,104272.0,101886.3,2385.703125,2.287961413418751
2023-02-02 18:00:00,102287.0,101477.02,809.9765625,0.7918665739536793
2023-02-02 19:00:00,101644.0,101423.31,220.6875,0.21711807878477826
2023-02-02 20:00:00,101256.0,100368.414,887.5859375,0.8765761411669432
2023-02-02 21:00:00,102395.0,99926.6,2468.3984375,2.4106630572781875
2023-02-02 22:00:00,103033.0,103121.195,88.1953125,0.08559909203847312
2023-02-02 23:00:00,106695.0,103159.5,3535.5,3.3136510614368055
2023-02-03 00:00:00,109384.0,103228.61,6155.390625,5.627322666020625
2023-02-03 01:00:00,109155.0,102242.74,6912.2578125,6.332515974989694
2023-02-03 02:00:00,107716.0,102141.79,5574.2109375,5.174914532195774
2023-02-03 03:00:00,105214.0,103268.04,1945.9609375,1.849526619556333
2023-02-03 04:00:00,101154.0,103073.51,1919.5078125,1.897609400023726
2023-02-03 05:00:00,98257.0,98988.234,731.234375,0.7442058835502814
2023-02-03 06:00:00,96411.0,96524.66,113.65625,0.11788722241238034
2023-02-03 07:00:00,94586.0,94685.664,99.6640625,0.10536872528704036
2023-02-03 08:00:00,94184.0,93861.734,322.265625,0.34216599953282933
2023-02-03 09:00:00,94584.0,94041.65,542.3515625,0.573407301974964
2023-02-03 10:00:00,95025.0,96399.875,1374.875,1.4468560905024994
2023-02-03 11:00:00,99359.0,98074.73,1284.2734375,1.2925587390170996
2023-02-03 12:00:00,106675.0,99951.88,6723.1171875,6.302429985938598
2023-02-03 13:00:00,112276.0,103877.12,8398.8828125,7.4805682536784355
2023-02-03 14:00:00,113228.0,103522.87,9705.1328125,8.571318766117923
2023-02-03 15:00:00,112070.0,102261.87,9808.1328125,8.751791570000893
2023-02-03 16:00:00,110705.0,102899.81,7805.1875,7.050438101260105
2023-02-03 17:00:00,109161.0,101890.86,7270.140625,6.660016512307509
2023-02-03 18:00:00,108225.0,102025.83,6199.171875,5.72804054054054
2023-02-03 19:00:00,107736.0,101877.195,5858.8046875,5.438112318537907
2023-02-03 20:00:00,107349.0,102566.38,4782.6171875,4.455204228730588
2023-02-03 21:00:00,108514.0,102747.93,5766.0703125,5.313664884254566
2023-02-03 22:00:00,112008.0,103622.96,8385.0390625,7.4861072981394186
2023-02-03 23:00:00,117658.0,104239.61,13418.390625,11.404571406109232
2023-02-04 00:00:00,121573.0,103227.58,18345.421875,15.090046206805788
2023-02-04 01:00:00,121760.0,103561.445,18198.5546875,14.94625056463535
2023-02-04 02:00:00,121043.0,103483.016,17559.984375,14.507228319688044
2023-02-04 03:00:00,119175.0,103326.17,15848.828125,13.298785924061255
2023-02-04 04:00:00,116365.0,103160.586,13204.4140625,11.34741035749581
2023-02-04 05:00:00,113057.0,103162.37,9894.6328125,8.751897549466198
2023-02-04 06:00:00,111036.0,100100.03,10935.96875,9.849029819157751
2023-02-04 07:00:00,109878.0,100248.06,9629.9375,8.764208940825279
2023-02-04 08:00:00,109329.0,100289.195,9039.8046875,8.268441756075697
2023-02-04 09:00:00,109296.0,100461.29,8834.7109375,8.083288443767383
2023-02-04 10:00:00,110297.0,101203.06,9093.9375,8.244954531854901
2023-02-04 11:00:00,112258.0,103348.54,8909.4609375,7.936593327424327
2023-02-04 12:00:00,115313.0,103321.05,11991.953125,10.399480652658417
2023-02-04 13:00:00,118155.0,105617.0,12538.0,10.611484913884304
2023-02-04 14:00:00,117378.0,104848.24,12529.7578125,10.674707195982212
2023-02-04 15:00:00,114046.0,102847.02,11198.9765625,9.819701315697175
2023-02-04 16:00:00,110529.0,102013.22,8515.78125,7.704567353364275
2023-02-04 17:00:00,108042.0,101162.234,6879.765625,6.367677037633513
2023-02-04 18:00:00,104798.0,101203.82,3594.1796875,3.429626221397355
2023-02-04 19:00:00,102142.0,101090.34,1051.65625,1.0296021714867538
2023-02-04 20:00:00,100431.0,99066.266,1364.734375,1.3588776124901674
2023-02-04 21:00:00,100481.0,97774.57,2706.4296875,2.6934740771887222
2023-02-04 22:00:00,101605.0,99673.4,1931.6015625,1.901089082722307
2023-02-04 23:00:00,105067.0,102395.375,2671.625,2.5427822246756833
2023-02-05 00:00:00,108588.0,103644.14,4943.859375,4.552859777323461
2023-02-05 01:00:00,108575.0,102752.055,5822.9453125,5.363062687082662
2023-02-05 02:00:00,107205.0,102518.54,4686.4609375,4.371494741383331
2023-02-05 03:00:00,105080.0,102384.46,2695.5390625,2.5652256019223447
2023-02-05 04:00:00,101702.0,102160.56,458.5625,0.4508883797762089
2023-02-05 05:00:00,98760.0,98934.12,174.1171875,0.17630334902794656
2023-02-05 06:00:00,95797.0,96815.766,1018.765625,1.0634629737883232
2023-02-05 07:00:00,93590.0,94843.984,1253.984375,1.3398700448765894
2023-02-05 08:00:00,92726.0,93830.55,1104.546875,1.191194352177383
2023-02-05 09:00:00,92128.0,93710.22,1582.21875,1.7174135441993748
2023-02-05 10:00:00,91602.0,93883.41,2281.40625,2.490563797733674
2023-02-05 11:00:00,92451.0,94279.08,1828.078125,1.9773481357692184
2023-02-05 12:00:00,94205.0,96636.0,2431.0,2.580542434053394
2023-02-05 13:00:00,96155.0,97923.15,1768.1484375,1.8388523087722948
2023-02-05 14:00:00,96625.0,97328.35,703.3515625,0.7279188227684347
2023-02-05 15:00:00,95194.0,95563.03,369.03125,0.3876623001449671
2023-02-05 16:00:00,92894.0,94947.805,2053.8046875,2.2109121014274336
2023-02-05 17:00:00,91493.0,92868.516,1375.515625,1.5034107800596768
2023-02-05 18:00:00,90242.0,91992.99,1750.9921875,1.9403295444471533
2023-02-05 19:00:00,89279.0,92307.484,3028.484375,3.392157590250787
2023-02-05 20:00:00,88690.0,91549.04,2859.0390625,3.223631821513136
2023-02-05 21:00:00,88539.0,91899.47,3360.46875,3.7954672517195807
2023-02-05 22:00:00,89200.0,92884.5,3684.5,4.130605381165919
2023-02-05 23:00:00,92265.0,94681.5,2416.5,2.6190863274264347
2023-02-06 00:00:00,95471.0,95452.086,18.9140625,0.01981131704915629
2023-02-06 01:00:00,95456.0,96729.484,1273.484375,1.3341061588585317
2023-02-06 02:00:00,94056.0,95652.945,1596.9453125,1.6978664970868418
2023-02-06 03:00:00,91161.0,93537.695,2376.6953125,2.607140457542151
2023-02-06 04:00:00,88498.0,89509.93,1011.9296875,1.1434492163664716
2023-02-06 05:00:00,86494.0,88522.664,2028.6640625,2.345439062247092
2023-02-06 06:00:00,84312.0,87408.62,3096.6171875,3.6728071775073534
2023-02-06 07:00:00,83517.0,85611.51,2094.5078125,2.507882003065244
2023-02-06 08:00:00,83256.0,85292.4,2036.3984375,2.445947964711252
2023-02-06 09:00:00,84107.0,85260.766,1153.765625,1.3717831155551856
2023-02-06 10:00:00,85424.0,85926.89,502.890625,0.5886994579977524
2023-02-06 11:00:00,88987.0,87569.19,1417.8125,1.593280479171115
2023-02-06 12:00:00,96597.0,91562.305,5034.6953125,5.2120617746927955
2023-02-06 13:00:00,101781.0,100099.43,1681.5703125,1.652145599375129
2023-02-06 14:00:00,101155.0,101356.78,201.78125,0.19947728733132322
2023-02-06 15:00:00,98421.0,99265.85,844.8515625,0.8584057899228823
2023-02-06 16:00:00,96981.0,97898.26,917.2578125,0.9458118729441849
2023-02-06 17:00:00,96367.0,97179.27,812.2734375,0.8428958434941421
2023-02-06 18:00:00,96265.0,95925.16,339.84375,0.3530293980158936
2023-02-06 19:00:00,95902.0,95819.18,82.8203125,0.08635931732393486
2023-02-06 20:00:00,95094.0,95612.6,518.6015625,0.5453567654110669
2023-02-06 21:00:00,95484.0,94385.61,1098.390625,1.150339978425705
2023-02-06 22:00:00,96391.0,95682.414,708.5859375,0.7351162841966573
2023-02-06 23:00:00,99736.0,99129.586,606.4140625,0.6080192332758482
2023-02-07 00:00:00,102790.0,100131.336,2658.6640625,2.586500693160813
2023-02-07 01:00:00,102659.0,100558.45,2100.546875,2.046140012078824
2023-02-07 02:00:00,101308.0,100199.836,1108.1640625,1.0938564205196035
2023-02-07 03:00:00,98645.0,97375.23,1269.7734375,1.287215203507527
2023-02-07 04:00:00,95130.0,95242.84,112.84375,0.11862057184904867
2023-02-07 05:00:00,92177.0,93172.35,995.3515625,1.0798263802250019
2023-02-07 06:00:00,90101.0,90270.766,169.765625,0.18841702644809713
2023-02-07 07:00:00,89537.0,87582.305,1954.6953125,2.183114592291455
2023-02-07 08:00:00,89567.0,87789.2,1777.796875,1.9848793361394266
2023-02-07 09:00:00,90513.0,87819.734,2693.265625,2.9755566879895707
2023-02-07 10:00:00,92071.0,88698.516,3372.484375,3.662917069435544
2023-02-07 11:00:00,96933.0,93483.18,3449.8203125,3.5589740465063495
2023-02-07 12:00:00,104762.0,99970.23,4791.7734375,4.573961395830549
2023-02-07 13:00:00,109109.0,105418.98,3690.0234375,3.3819606425684405
2023-02-07 14:00:00,106994.0,104131.98,2862.0234375,2.6749382558835073
2023-02-07 15:00:00,102847.0,102595.83,251.171875,0.24421896117533815
2023-02-07 16:00:00,99860.0,100205.04,345.0390625,0.34552279441217704
2023-02-07 17:00:00,97568.0,98406.805,838.8046875,0.8597129053583141
2023-02-07 18:00:00,97058.0,97260.625,202.625,0.2087669228708607
2023-02-07 19:00:00,96853.0,96833.63,19.3671875,0.019996476619206425
2023-02-07 20:00:00,94958.0,96237.36,1279.359375,1.347289722824828
2023-02-07 21:00:00,93997.0,94723.875,726.875,0.773295956253923
2023-02-07 22:00:00,94620.0,95502.69,882.6875,0.9328762418093427
2023-02-07 23:00:00,97439.0,97586.42,147.421875,0.15129658042467595
2023-02-08 00:00:00,99749.0,99768.49,19.4921875,0.019541236002365937
2023-02-08 01:00:00,99116.0,98831.414,284.5859375,0.2871241146737156
2023-02-08 02:00:00,97136.0,97858.445,722.4453125,0.7437462037761489
2023-02-08 03:00:00,93925.0,96375.07,2450.0703125,2.6085390604205485
2023-02-08 04:00:00,89706.0,91852.86,2146.859375,2.3932171482398052
2023-02-08 05:00:00,87515.0,88914.65,1399.6484375,1.5993240444495227
2023-02-08 06:00:00,85225.0,87079.85,1854.8515625,2.1764172044587857
2023-02-08 07:00:00,83703.0,86044.56,2341.5625,2.7974654432935497
2023-02-08 08:00:00,82815.0,85823.79,3008.7890625,3.6331450371309546
2023-02-08 09:00:00,83214.0,85863.78,2649.78125,3.1842974138967
2023-02-08 10:00:00,84884.0,86058.914,1174.9140625,1.384140783304274
2023-02-08 11:00:00,87187.0,88876.625,1689.625,1.9379322605434297
2023-02-08 12:00:00,94237.0,95068.84,831.84375,0.8827145919331049
2023-02-08 13:00:00,98707.0,98600.266,106.734375,0.10813252859472985
2023-02-08 14:00:00,97809.0,99599.81,1790.8125,1.830928135447658
2023-02-08 15:00:00,94482.0,97556.19,3074.1875,3.253728223365297
2023-02-08 16:00:00,91489.0,94452.71,2963.7109375,3.23941778519822
2023-02-08 17:00:00,89297.0,92973.8,3676.796875,4.117492049005006
2023-02-08 18:00:00,88048.0,92750.1,4702.1015625,5.340384293226422
2023-02-08 19:00:00,87345.0,92407.35,5062.3515625,5.795811508958726
2023-02-08 20:00:00,87225.0,92284.42,5059.421875,5.8004263399254805
2023-02-08 21:00:00,86447.0,92312.83,5865.828125,6.785461756914642
2023-02-08 22:00:00,87582.0,92595.14,5013.140625,5.723939422484072
2023-02-08 23:00:00,91258.0,93652.97,2394.96875,2.624393203883495
2023-02-09 00:00:00,94697.0,92543.21,2153.7890625,2.274400522191833
2023-02-09 01:00:00,94587.0,95974.22,1387.21875,1.466606140378699
2023-02-09 02:00:00,93291.0,95281.77,1990.7734375,2.1339394341361975
2023-02-09 03:00:00,91178.0,91700.35,522.3515625,0.5728921039066441
2023-02-09 04:00:00,88023.0,89661.016,1638.015625,1.8608950217556774
2023-02-09 05:00:00,85180.0,87873.17,2693.171875,3.1617420462549894
2023-02-09 06:00:00,82670.0,85249.805,2579.8046875,3.120605645941696
2023-02-09 07:00:00,81674.0,85327.055,3653.0546875,4.4727265561867915
2023-02-09 08:00:00,81092.0,85245.33,4153.328125,5.1217482920633355
2023-02-09 09:00:00,80662.0,85327.516,4665.515625,5.784031669187473
2023-02-09 10:00:00,81698.0,85486.79,3788.7890625,4.637554239393865
2023-02-09 11:00:00,84355.0,87072.2,2717.203125,3.221152421314682
2023-02-09 12:00:00,90958.0,92944.25,1986.25,2.1837001693089118
2023-02-09 13:00:00,95177.0,94750.4,426.6015625,0.44821917322462357
2023-02-09 14:00:00,95495.0,97102.21,1607.2109375,1.6830315068851773
2023-02-09 15:00:00,94744.0,95318.84,574.84375,0.6067336717892425
2023-02-09 16:00:00,93818.0,94681.13,863.1328125,0.9200076877571468
2023-02-09 17:00:00,92427.0,93813.98,1386.9765625,1.5006183934348187
2023-02-09 18:00:00,91685.0,93150.37,1465.3671875,1.598262733816873
2023-02-09 19:00:00,90626.0,92479.32,1853.3203125,2.0450205377044113
2023-02-09 20:00:00,89831.0,91953.45,2122.453125,2.362717909185025
2023-02-09 21:00:00,89255.0,91600.555,2345.5546875,2.627925256288163
2023-02-09 22:00:00,89094.0,92002.72,2908.71875,3.2647751251487196
2023-02-09 23:00:00,90988.0,93227.23,2239.2265625,2.4610130594144284
2023-02-10 00:00:00,93179.0,91719.1,1459.8984375,1.5667676595584843
2023-02-10 01:00:00,92476.0,94771.76,2295.7578125,2.4825444574808597
2023-02-10 02:00:00,90689.0,93621.5,2932.5,3.233578493532843
2023-02-10 03:00:00,87968.0,89742.86,1774.859375,2.017619333166606
2023-02-10 04:00:00,85079.0,87766.47,2687.46875,3.1587921226154516
2023-02-10 05:00:00,82127.0,85681.27,3554.2734375,4.327777025217042
2023-02-10 06:00:00,79251.0,85125.01,5874.0078125,7.411903714148717
2023-02-10 07:00:00,77663.0,85244.836,7581.8359375,9.76248141006657
2023-02-10 08:00:00,76666.0,85011.1,8345.1015625,10.885009733780294
2023-02-10 09:00:00,76604.0,84969.1,8365.1015625,10.919927892146625
2023-02-10 10:00:00,77611.0,85208.77,7597.7734375,9.789557456417262
2023-02-10 11:00:00,79753.0,87061.11,7308.109375,9.163428805186012
2023-02-10 12:00:00,85410.0,92560.25,7150.25,8.371677789486007
2023-02-10 13:00:00,90244.0,93272.195,3028.1953125,3.355564151079296
2023-02-10 14:00:00,90605.0,93365.336,2760.3359375,3.0465602753711165
2023-02-10 15:00:00,89740.0,93225.02,3485.0234375,3.8834671690439047
2023-02-10 16:00:00,89485.0,92834.055,3349.0546875,3.7425877940436947
2023-02-10 17:00:00,89057.0,92549.9,3492.8984375,3.92209308364306
2023-02-10 18:00:00,88270.0,92397.086,4127.0859375,4.675525022657754
2023-02-10 19:00:00,87537.0,92410.46,4873.4609375,5.567315463746759
2023-02-10 20:00:00,86935.0,92120.695,5185.6953125,5.965025953298441
2023-02-10 21:00:00,86587.0,92316.34,5729.34375,6.616863674685576
2023-02-10 22:00:00,87628.0,92328.586,4700.5859375,5.364251081275392
2023-02-10 23:00:00,90156.0,92222.91,2066.90625,2.2925886796219883
2023-02-11 00:00:00,92983.0,91350.61,1632.390625,1.7555796489680908
2023-02-11 01:00:00,92551.0,94078.89,1527.890625,1.650863442858532
2023-02-11 02:00:00,91474.0,92926.06,1452.0625,1.5874046177055776
2023-02-11 03:00:00,89485.0,90814.27,1329.2734375,1.4854706794434822
2023-02-11 04:00:00,87368.0,88357.74,989.7421875,1.1328429030079663
2023-02-11 05:00:00,85669.0,87705.1,2036.1015625,2.3767075167213347
2023-02-11 06:00:00,83898.0,87489.086,3591.0859375,4.2802998134639685
2023-02-11 07:00:00,82579.0,85766.11,3187.109375,3.8594671466111237
2023-02-11 08:00:00,81862.0,85771.42,3909.421875,4.7756246793383985
2023-02-11 09:00:00,82201.0,85739.94,3538.9375,4.305224388997701
2023-02-11 10:00:00,82273.0,85816.52,3543.5234375,4.3070307847045814
2023-02-11 11:00:00,83592.0,86671.38,3079.3828125,3.6838247828739594
2023-02-11 12:00:00,86856.0,90586.44,3730.4375,4.294968108133002
2023-02-11 13:00:00,89894.0,91922.47,2028.46875,2.2565118361625913
2023-02-11 14:00:00,90865.0,92490.336,1625.3359375,1.7887370687283335
2023-02-11 15:00:00,89511.0,92652.8,3141.796875,3.509956178570232
2023-02-11 16:00:00,87544.0,92445.12,4901.1171875,5.598461559330166
2023-02-11 17:00:00,85127.0,91851.31,6724.3125,7.899153617536152
2023-02-11 18:00:00,83460.0,90892.76,7432.7578125,8.905772600647015
2023-02-11 19:00:00,82125.0,90714.8,8589.796875,10.459417808219177
2023-02-11 20:00:00,82217.0,90514.16,8297.15625,10.091776943941035
2023-02-11 21:00:00,83035.0,90506.85,7471.8515625,8.9984362768712
2023-02-11 22:00:00,84181.0,90850.05,6669.046875,7.9222709103004245
2023-02-11 23:00:00,86969.0,92231.84,5262.84375,6.051401936322138
2023-02-12 00:00:00,90901.0,90739.805,161.1953125,0.17733062617572964
2023-02-12 01:00:00,91619.0,89885.164,1733.8359375,1.892441455920715
2023-02-12 02:00:00,91113.0,92642.055,1529.0546875,1.6781959627056513
2023-02-12 03:00:00,89742.0,89471.63,270.3671875,0.30127163145461433
2023-02-12 04:00:00,87729.0,88503.12,774.1171875,0.8823960007523168
2023-02-12 05:00:00,85945.0,87806.94,1861.9375,2.166429111641166
2023-02-12 06:00:00,83761.0,87173.58,3412.578125,4.074185032413653
2023-02-12 07:00:00,82276.0,85858.3,3582.296875,4.353999799455491
2023-02-12 08:00:00,81964.0,85545.14,3581.140625,4.36916283368308
2023-02-12 09:00:00,82053.0,85075.234,3022.234375,3.6832710260441424
2023-02-12 10:00:00,82849.0,84950.66,2101.65625,2.5367309804584246
2023-02-12 11:00:00,83506.0,85993.97,2487.96875,2.979389205566067
2023-02-12 12:00:00,84796.0,89795.3,4999.296875,5.8956753561488755
2023-02-12 13:00:00,87736.0,91254.75,3518.75,4.010611379593326
2023-02-12 14:00:00,90131.0,90659.016,528.015625,0.5858313177486103
2023-02-12 15:00:00,90651.0,91248.4,597.3984375,0.6590092083926267
2023-02-12 16:00:00,90326.0,90657.17,331.171875,0.36664069592365434
2023-02-12 17:00:00,90136.0,90261.8,125.796875,0.13956340973639833
2023-02-12 18:00:00,89833.0,90854.68,1021.6796875,1.137309994656752
2023-02-12 19:00:00,89537.0,90813.53,1276.53125,1.425702502875906
2023-02-12 20:00:00,89154.0,90848.74,1694.7421875,1.9009154805168584
2023-02-12 21:00:00,88662.0,90931.914,2269.9140625,2.5601882006947734
2023-02-12 22:00:00,90087.0,91148.414,1061.4140625,1.178210021978754
2023-02-12 23:00:00,92678.0,90897.6,1780.3984375,1.9210583282979778
2023-02-13 00:00:00,93841.0,93932.836,91.8359375,0.09786334065067508
2023-02-13 01:00:00,92323.0,94334.58,2011.578125,2.178848309738635
2023-02-13 02:00:00,91521.0,92305.305,784.3046875,0.8569669119655599
2023-02-13 03:00:00,90436.0,90434.12,1.8828125,0.002081928103852448
2023-02-13 04:00:00,89057.0,88288.5,768.5,0.8629304827245473
2023-02-13 05:00:00,87986.0,86690.51,1295.4921875,1.472384456049826
2023-02-13 06:00:00,85832.0,85181.61,650.390625,0.7577484213347003
2023-02-13 07:00:00,84374.0,84895.57,521.5703125,0.6181647338042525
2023-02-13 08:00:00,84152.0,83491.75,660.25,0.7845921665557563
2023-02-13 09:00:00,84174.0,83582.12,591.8828125,0.7031658380259938
2023-02-13 10:00:00,84984.0,84109.195,874.8046875,1.029375750141203
2023-02-13 11:00:00,89314.0,85357.53,3956.46875,4.429841626172829
2023-02-13 12:00:00,97050.0,89942.5,7107.5,7.323544564657393
2023-02-13 13:00:00,101430.0,97604.95,3825.046875,3.771119860987873
2023-02-13 14:00:00,99572.0,100335.164,763.1640625,0.7664444447234162
2023-02-13 15:00:00,95817.0,98454.39,2637.390625,2.752528909274972
2023-02-13 16:00:00,92658.0,95955.69,3297.6875,3.558988430572643
2023-02-13 17:00:00,90777.0,94001.96,3224.9609375,3.552618986637585
2023-02-13 18:00:00,89974.0,91364.69,1390.6875,1.5456548558472447
2023-02-13 19:00:00,89533.0,91270.66,1737.65625,1.9407997609819843
2023-02-13 20:00:00,88366.0,91146.31,2780.3125,3.146360025349116
2023-02-13 21:00:00,87649.0,90679.56,3030.5625,3.457612180401374
2023-02-13 22:00:00,87329.0,90954.27,3625.2734375,4.151282434815468
2023-02-13 23:00:00,90284.0,92043.27,1759.2734375,1.948599350383235
2023-02-14 00:00:00,94617.0,91151.65,3465.3515625,3.6625041615143155
2023-02-14 01:00:00,95333.0,95187.15,145.8515625,0.15299168441148395
2023-02-14 02:00:00,94300.0,94808.32,508.3203125,0.5390459305408272
2023-02-14 03:00:00,91724.0,92748.24,1024.2421875,1.1166566956303694
2023-02-14 04:00:00,88088.0,89799.26,1711.2578125,1.9426684820860958
2023-02-14 05:00:00,85343.0,86276.28,933.28125,1.09356508442403
2023-02-14 06:00:00,82775.0,83791.375,1016.375,1.2278767743884023
2023-02-14 07:00:00,82252.0,83697.2,1445.203125,1.7570431418081018
2023-02-14 08:00:00,82565.0,83685.86,1120.859375,1.357547841094895
2023-02-14 09:00:00,83047.0,83654.984,607.984375,0.7320967343793273
2023-02-14 10:00:00,84532.0,84050.91,481.09375,0.5691261888988784
2023-02-14 11:00:00,89479.0,87070.086,2408.9140625,2.692155771186535
2023-02-14 12:00:00,97525.0,93042.695,4482.3046875,4.596057100743399
2023-02-14 13:00:00,101564.0,99053.41,2510.59375,2.4719327222244103
2023-02-14 14:00:00,98700.0,101925.32,3225.3203125,3.2678017350557247
2023-02-14 15:00:00,94075.0,97269.44,3194.4375,3.3956284879085836
2023-02-14 16:00:00,90659.0,95061.54,4402.5390625,4.856152243572067
2023-02-14 17:00:00,88909.0,91609.07,2700.0703125,3.0368920047464263
2023-02-14 18:00:00,88049.0,91044.23,2995.2265625,3.4017723795840955
2023-02-14 19:00:00,87267.0,90890.09,3623.09375,4.151734046088442
2023-02-14 20:00:00,86615.0,89446.74,2831.7421875,3.2693438636494836
2023-02-14 21:00:00,86837.0,89789.77,2952.7734375,3.4003632524154446
2023-02-14 22:00:00,86587.0,89949.99,3362.9921875,3.8839458434868974
2023-02-14 23:00:00,89886.0,91190.016,1304.015625,1.4507438588879247
2023-02-15 00:00:00,93247.0,90771.72,2475.28125,2.6545425053889136
2023-02-15 01:00:00,92907.0,94285.96,1378.9609375,1.48423793417073
2023-02-15 02:00:00,91440.0,92728.195,1288.1953125,1.4087875246062993
2023-02-15 03:00:00,88388.0,90103.234,1715.234375,1.9405738052676833
2023-02-15 04:00:00,84934.0,86589.5,1655.5,1.9491605246426638
2023-02-15 05:00:00,82854.0,84380.53,1526.53125,1.8424351871967555
2023-02-15 06:00:00,80239.0,83687.58,3448.578125,4.297882731589377
2023-02-15 07:00:00,78222.0,83364.23,5142.2265625,6.573887860831991
2023-02-15 08:00:00,77598.0,83235.516,5637.515625,7.265026965901184
2023-02-15 09:00:00,77361.0,83146.91,5785.90625,7.4790996109150605
2023-02-15 10:00:00,78274.0,83820.16,5546.15625,7.0855664077471445
2023-02-15 11:00:00,80289.0,86631.38,6342.3828125,7.89944178218685
2023-02-15 12:00:00,86823.0,91394.164,4571.1640625,5.264922961081741
2023-02-15 13:00:00,90671.0,93964.305,3293.3046875,3.6321477512104203
2023-02-15 14:00:00,90753.0,92344.734,1591.734375,1.7539192919242341
2023-02-15 15:00:00,89001.0,91323.016,2322.015625,2.6089770058763384
2023-02-15 16:00:00,87185.0,90652.46,3467.4609375,3.977130168606985
2023-02-15 17:00:00,86134.0,91128.9,4994.8984375,5.798985809900852
2023-02-15 18:00:00,85201.0,90019.12,4818.1171875,5.655000748230655
2023-02-15 19:00:00,84888.0,90564.445,5676.4453125,6.686982038097257
2023-02-15 20:00:00,84284.0,90226.0,5942.0,7.049973897774192
2023-02-15 21:00:00,84561.0,90292.26,5731.2578125,6.777660874989652
2023-02-15 22:00:00,84205.0,90410.03,6205.03125,7.368958197256695
2023-02-15 23:00:00,86173.0,91366.734,5193.734375,6.027101731400786
2023-02-16 00:00:00,89564.0,89181.164,382.8359375,0.4274439925639766
2023-02-16 01:00:00,89091.0,88887.15,203.8515625,0.22881274483393382
2023-02-16 02:00:00,87165.0,88233.27,1068.2734375,1.225576134342913
2023-02-16 03:00:00,84296.0,85798.98,1502.9765625,1.782974948396128
2023-02-16 04:00:00,80736.0,84610.734,3874.734375,4.799264733204518
2023-02-16 05:00:00,78054.0,84457.15,6403.1484375,8.203485327465602
2023-02-16 06:00:00,75505.0,83305.85,7800.8515625,10.33156951526389
2023-02-16 07:00:00,73738.0,83305.77,9567.7734375,12.975363364208414
2023-02-16 08:00:00,73092.0,83226.11,10134.109375,13.864868077217753
2023-02-16 09:00:00,73722.0,83200.85,9478.8515625,12.857561599658176
2023-02-16 10:00:00,75041.0,83486.05,8445.046875,11.253910362335256
2023-02-16 11:00:00,77914.0,85054.555,7140.5546875,9.164661918910594
2023-02-16 12:00:00,84271.0,89273.21,5002.2109375,5.935862796810291
2023-02-16 13:00:00,88840.0,91387.16,2547.15625,2.8671277014858174
2023-02-16 14:00:00,89677.0,91058.43,1381.4296875,1.5404503802535767
2023-02-16 15:00:00,89646.0,91229.91,1583.90625,1.7668454253396693
2023-02-16 16:00:00,89925.0,90021.76,96.7578125,0.10759834584375869
2023-02-16 17:00:00,89937.0,89880.87,56.1328125,0.06241348110343907
2023-02-16 18:00:00,90254.0,89732.27,521.7265625,0.5780647533627319
2023-02-16 19:00:00,90438.0,89937.766,500.234375,0.5531241015944625
2023-02-16 20:00:00,90040.0,90665.08,625.078125,0.6942227065748556
2023-02-16 21:00:00,89286.0,90751.45,1465.453125,1.6413022478328072
2023-02-16 22:00:00,89634.0,90981.81,1347.8125,1.5036844277840997
2023-02-16 23:00:00,91672.0,90433.945,1238.0546875,1.3505265375469062
2023-02-17 00:00:00,93241.0,92810.72,430.28125,0.46147215280831394
2023-02-17 01:00:00,91896.0,93219.83,1323.828125,1.4405720869243495
2023-02-17 02:00:00,89902.0,91010.68,1108.6796875,1.2332091471824875
2023-02-17 03:00:00,86827.0,87452.52,625.5234375,0.7204250262015272
2023-02-17 04:00:00,83196.0,85948.94,2752.9375,3.3089781960671187
2023-02-17 05:00:00,80613.0,83917.195,3304.1953125,4.098836803617282
2023-02-17 06:00:00,78194.0,83290.42,5096.421875,6.517663599508913
2023-02-17 07:00:00,76518.0,83291.02,6773.0234375,8.851542692569069
2023-02-17 08:00:00,75788.0,83203.91,7415.90625,9.785066567266586
2023-02-17 09:00:00,75721.0,83174.32,7453.3203125,9.843135078115713
2023-02-17 10:00:00,77065.0,83501.734,6436.734375,8.35234461169143
2023-02-17 11:00:00,79726.0,84773.02,5047.0234375,6.330461126232345
2023-02-17 12:00:00,85176.0,90177.445,5001.4453125,5.871895032051282
2023-02-17 13:00:00,90137.0,92050.734,1913.734375,2.1231396374407843
2023-02-17 14:00:00,92374.0,91287.65,1086.3515625,1.1760360734622297
2023-02-17 15:00:00,93761.0,94213.664,452.6640625,0.4827850198909994
2023-02-17 16:00:00,94700.0,94514.92,185.078125,0.19543624604012674
2023-02-17 17:00:00,95044.0,94627.16,416.84375,0.43857976305711044
2023-02-17 18:00:00,95594.0,94716.97,877.03125,0.9174542858338389
2023-02-17 19:00:00,95563.0,95202.484,360.515625,0.37725440285466133
2023-02-17 20:00:00,95031.0,94968.484,62.515625,0.06578445454641117
2023-02-17 21:00:00,94730.0,94542.77,187.2265625,0.19764231236144833
2023-02-17 22:00:00,95961.0,95297.56,663.4375,0.69136159481456
2023-02-17 23:00:00,98335.0,98582.914,247.9140625,0.2521117226826664
2023-02-18 00:00:00,100903.0,98832.26,2070.7421875,2.0522107246563532
2023-02-18 01:00:00,100743.0,98592.96,2150.0390625,2.1341820895744616
2023-02-18 02:00:00,99749.0,98100.37,1648.6328125,1.6527812935468025
2023-02-18 03:00:00,98097.0,96186.21,1910.7890625,1.9478567769656563
2023-02-18 04:00:00,95481.0,95495.8,14.796875,0.015497193158848357
2023-02-18 05:00:00,92935.0,93424.95,489.953125,0.5271997901759294
2023-02-18 06:00:00,90817.0,91498.86,681.859375,0.7508058788552805
2023-02-18 07:00:00,90036.0,87802.75,2233.25,2.4803967301968104
2023-02-18 08:00:00,90374.0,87155.22,3218.78125,3.5616230884989046
2023-02-18 09:00:00,90171.0,87937.74,2233.2578125,2.4766918549200962
2023-02-18 10:00:00,90925.0,87929.336,2995.6640625,3.2946539043167444
2023-02-18 11:00:00,92419.0,88250.234,4168.765625,4.510723579566972
2023-02-18 12:00:00,95897.0,94138.76,1758.2421875,1.833469438564293
2023-02-18 13:00:00,98339.0,97539.07,799.9296875,0.8134409415389623
2023-02-18 14:00:00,97762.0,98155.43,393.4296875,0.4024362098770483
2023-02-18 15:00:00,95408.0,96848.44,1440.4375,1.5097659525406675
2023-02-18 16:00:00,92914.0,95416.42,2502.421875,2.693266757431603
2023-02-18 17:00:00,91203.0,94073.54,2870.5390625,3.1474173683979694
2023-02-18 18:00:00,88963.0,91760.65,2797.6484375,3.14473257140609
2023-02-18 19:00:00,86385.0,91330.914,4945.9140625,5.725431570874573
2023-02-18 20:00:00,84419.0,91001.94,6582.9375,7.797933522074414
2023-02-18 21:00:00,84174.0,91428.06,7254.0625,8.617937249031767
2023-02-18 22:00:00,85841.0,91679.52,5838.5234375,6.801555710557892
2023-02-18 23:00:00,88548.0,92524.625,3976.625,4.490925825540949
2023-02-19 00:00:00,92914.0,91065.914,1848.0859375,1.9890284967819705
2023-02-19 01:00:00,93866.0,94130.375,264.375,0.2816515032066989
2023-02-19 02:00:00,93743.0,93506.13,236.8671875,0.25267719989759235
2023-02-19 03:00:00,92396.0,92021.38,374.6171875,0.4054474084375947
2023-02-19 04:00:00,90144.0,91637.695,1493.6953125,1.6570102419462194
2023-02-19 05:00:00,88522.0,88472.41,49.59375,0.05602420867129075
2023-02-19 06:00:00,86640.0,87180.1,540.1015625,0.6233859216297323
2023-02-19 07:00:00,84872.0,86573.18,1701.1796875,2.0044062676736734
2023-02-19 08:00:00,84352.0,85325.51,973.5078125,1.1541016365942716
2023-02-19 09:00:00,84041.0,85326.25,1285.25,1.5293130733808498
2023-02-19 10:00:00,83579.0,85321.04,1742.0390625,2.0843023516672847
2023-02-19 11:00:00,83617.0,86078.77,2461.7734375,2.9441063868591315
2023-02-19 12:00:00,85549.0,91209.64,5660.640625,6.616840202690856
2023-02-19 13:00:00,87173.0,92594.375,5421.375,6.219098803528616
2023-02-19 14:00:00,87781.0,91884.56,4103.5625,4.674773014661487
2023-02-19 15:00:00,85844.0,90941.83,5097.828125,5.938479247239178
2023-02-19 16:00:00,83986.0,91567.67,7581.671875,9.02730440192413
2023-02-19 17:00:00,83805.0,91787.05,7982.046875,9.524547312212874
2023-02-19 18:00:00,81668.0,91772.4,10104.3984375,12.372530780109713
2023-02-19 19:00:00,80063.0,90864.49,10801.4921875,13.491240882180284
2023-02-19 20:00:00,78876.0,90847.73,11971.7265625,15.177907807824939
2023-02-19 21:00:00,79013.0,90898.266,11885.265625,15.04216473871388
2023-02-19 22:00:00,79882.0,91124.93,11242.9296875,14.074421881650434
2023-02-19 23:00:00,82330.0,91086.0,8756.0,10.635248390623103
2023-02-20 00:00:00,86233.0,88368.45,2135.453125,2.476375778414296
2023-02-20 01:00:00,87123.0,87016.84,106.15625,0.12184641254318607
2023-02-20 02:00:00,85888.0,86596.45,708.453125,0.8248569357768256
2023-02-20 03:00:00,83967.0,86815.14,2848.140625,3.391976163254612
2023-02-20 04:00:00,81823.0,85803.29,3980.2890625,4.8645112773914425
2023-02-20 05:00:00,80113.0,85198.86,5085.859375,6.348357164255488
2023-02-20 06:00:00,78499.0,83825.97,5326.96875,6.7860338985210005
2023-02-20 07:00:00,77399.0,83425.78,6026.78125,7.786639685267252
2023-02-20 08:00:00,76873.0,83395.22,6522.21875,8.484407724428603
2023-02-20 09:00:00,76732.0,83414.766,6682.765625,8.709229037428974
2023-02-20 10:00:00,77765.0,83877.914,6112.9140625,7.860752346814119
2023-02-20 11:00:00,80163.0,85514.5,5351.5,6.675773112283721
2023-02-20 12:00:00,85363.0,89888.92,4525.921875,5.301971433759357
2023-02-20 13:00:00,89182.0,90799.375,1617.375,1.8135666390078713
2023-02-20 14:00:00,90807.0,91224.68,417.6796875,0.4599641960421554
2023-02-20 15:00:00,91068.0,90670.375,397.625,0.43662428075723636
2023-02-20 16:00:00,90650.0,90657.87,7.8671875,0.008678640375068946
2023-02-20 17:00:00,89572.0,90339.21,767.2109375,0.8565298726164426
2023-02-20 18:00:00,88277.0,90673.836,2396.8359375,2.7151307107174008
2023-02-20 19:00:00,87263.0,90459.28,3196.28125,3.662813850085374
2023-02-20 20:00:00,87102.0,90241.83,3139.828125,3.6047715609285667
2023-02-20 21:00:00,86631.0,90295.86,3664.859375,4.230424876776212
2023-02-20 22:00:00,86893.0,90429.195,3536.1953125,4.069597450312453
2023-02-20 23:00:00,89509.0,90557.62,1048.6171875,1.171521509010267
2023-02-21 00:00:00,92743.0,89001.5,3741.5,4.034266737112235
2023-02-21 01:00:00,92804.0,92705.91,98.09375,0.10569991595189862
2023-02-21 02:00:00,90995.0,91778.33,783.328125,0.8608474366723446
2023-02-21 03:00:00,88296.0,88007.88,288.1171875,0.3263083123810818
2023-02-21 04:00:00,85590.0,86514.85,924.8515625,1.0805603020212642
2023-02-21 05:00:00,82446.0,86071.13,3625.1328125,4.396978401013997
2023-02-21 06:00:00,80128.0,83346.29,3218.2890625,4.016435032073682
2023-02-21 07:00:00,78613.0,83368.67,4755.671875,6.049472574510577
2023-02-21 08:00:00,77985.0,83289.56,5304.5625,6.802029236391614
2023-02-21 09:00:00,78053.0,83262.5,5209.5,6.6743110450591265
2023-02-21 10:00:00,79243.0,83705.79,4462.7890625,5.631777018159332
2023-02-21 11:00:00,82417.0,85376.39,2959.390625,3.5907526663188425
2023-02-21 12:00:00,89152.0,89804.94,652.9375,0.7323868225053841
2023-02-21 13:00:00,93366.0,92241.63,1124.3671875,1.204257639290534
2023-02-21 14:00:00,93024.0,94898.38,1874.3828125,2.014945403874269
2023-02-21 15:00:00,91198.0,94377.414,3179.4140625,3.486276083357091
2023-02-21 16:00:00,89598.0,91755.46,2157.4609375,2.4079342591352484
2023-02-21 17:00:00,88442.0,92114.5,3672.5,4.152438886501889
2023-02-21 18:00:00,87613.0,90462.66,2849.65625,3.252549564562337
2023-02-21 19:00:00,87516.0,90255.93,2739.9296875,3.1307757295808765
2023-02-21 20:00:00,87391.0,90094.25,2703.25,3.093281916902198
2023-02-21 21:00:00,87004.0,90186.35,3182.3515625,3.657707188749942
2023-02-21 22:00:00,87267.0,90355.84,3088.84375,3.539532412022872
2023-02-21 23:00:00,89987.0,91857.6,1870.6015625,2.07874644393079
2023-02-22 00:00:00,93885.0,89596.59,4288.40625,4.567722479629334
2023-02-22 01:00:00,94333.0,93789.01,543.9921875,0.5766722011385199
